name;marca;price
Combo de teclado + ratón inalámbricos HP 650 Blanco;HP;67,99 
Teclado + ratón inalámbricos T'nB;TNB;14,99 
Teclado + Ratón inalámbricos Philips SPT6307BL/16;Philips;19,99 
Teclado + Ratón Logitech MK270 Inalámbrico;Logitech;35,60 
Kit de teclado y ratón inalámbricos Subblim Silence Ultra Slim Gris/Negro;SUBBLIM;19,99 
Teclado + Ratón con cable Philips SPT6207BL/16;Philips;12,99 
Teclado Gaming con cable Trust GXT 863 MAZZ;Trust;49,99 
Combo de teclado y ratón inalámbricos Subblim Multidispositivo negro;SUBBLIM;19,99 
Funda teclado Apple Magic Keyboard para iPad Pro 12,9 (5ª Gen.) Negro;Apple;429,€ 
Pack de teclado y ratón con cables HP Pavilion 400;HP;29,74 
"Funda teclado Apple Magic Keyboard Folio para el iPad 10,9"" (10ª generación)";Apple;299,€ 
Combo de teclado + ratón inalámbricos HP 230 blanco;HP;33,99 
Combo de teclado y ratón inalámbricos Subblim Multidispositivo blanco;SUBBLIM;19,99 
Teclado negro Microsoft Signature para Surface Pro 9 / Pro 8 / Pro X;Microsoft;168,30 
Combo de teclado + ratón inalámbricos Logitech MK295 Grafito;Logitech;49,99 
Teclado con cable HP Pavilion 300;HP;25,49 
Teclado Gaming HyperX Alloy Core RGB;HyperX;42,49 
Teclado gaming con cable The G-Lab Keyz-Neon;The G-Lab;15,99 
Teclado Magic Keyboard con Touch ID y teclado numérico para Mac con chip de Apple - Español;Apple;180,54 
Teclado Apple Magic Keyboard para el iPad Pro 11 (2ª y 1ª Gen.) y iPad Air (4ª Gen.), Español;Apple;369,€ 
Teclado Apple Magic Keyboard con Teclado Numérico Blanco;Apple;122,40 
Teclado Magic Keyboard - Español;Apple;101,99 
Combo de teclado + ratón inalámbricos Logitech MK295 Blanco;Logitech;41,81 
Teclado Smart TV Logitech K400 Plus Inalámbrico Negro;Logitech;40,70 
Teclado Bluetooth multidispositivo Logitech K380 rosa;Logitech;54,99 
Teclado azul hielo Microsoft Signature para Surface Pro 9 / Pro 8 / Pro X + Slim Pen;Microsoft;237,66 
Teclado Gaming Razer Blackwidow V3 Tenkeyless;Razer;81,59 
Pack de teclado + ratón + alfombrilla + auriculares Razer Power Up Bundle V2;Razer;105,€ 
Teclado inalámbrico Logitech MX Keys;Logitech;92,99 
Pack de teclado y ratón inalámbricos Trust Ody;Trust;24,99 
Kit de teclado y ratón inalámbricos HP 300;HP;33,99 
Teclado + ratón inalámbricos Logitech Slim Combo MK470;Logitech;59,99 
Teclado + Ratón Logitech MK120 USB;Logitech;23,36 
Teclado + Ratón Logitech MK220 Inalámbrico;Logitech;27,99 
Pack Gaming Trust GXT 1180;Trust;49,99 
Teclado + Ratón inalámbricos Trust Trezo;Trust;39,99 
Teclado y ratón Logitech MK330 Inalámbricos;Logitech;43,99 
Teclado inalámbrico compacto HP 350 Bluetooth;HP;33,99 
Combo de teclado con cable y ratón Trust Azor Gaming GXT 838;Trust;34,99 
Teclado Bluetooth Subblim con teclas retroiluminadas;SUBBLIM;22,99 
Teclado Gaming con cable Razer Cynosa Chroma Lite español;Razer;32,99 
Teclado gaming con cable Razer Huntsman V2;Razer;269,99 
Teclado rojo amapola Microsoft Signature para Surface Pro 9 / Pro 8 / Pro X + Slim Pen;Microsoft;224,40 
Teclado con cable para Gaming Ozone Alliance;Ozone;24,99 
Teclado inalámbrico Silver HT Colors Edition Blanco Bluetooth;SilverHT;19,99 
Teclado + ratón HP Pavilion 200;HP;21,24 
Teclado Gaming Trust GXT 834 Callaz TKL;Trust;49,99 
Teclado Gaming Energy Sistem K7 Silent-Ninja;Energy Sistem;54,99 
Kit de teclado y ratón inalámbricos NGS Matrix Kit;NGS;29,95 
Teclado Gaming Energy Sistem K4 Kompact;Energy Sistem;36,90 
Teclado con cable Trust Primo;Trust;12,99 
Funda teclado Apple Magic Keyboard para iPad Pro 12,9 (5ª Gen.) Blanco;Apple;429,€ 
Teclado gris Microsoft Signature para Surface Pro 9, Pro 8 y Pro X;Microsoft;142,80 
Teclado + Ratón Logitech MK235 Inalámbricos;Logitech;39,99 
Teclado inalámbrico Silver HT Colors Edition Turquesa Bluetooth;SilverHT;13,99 
Pack Gaming The G-Lab Xenon: Teclado Key-Z Neon + ratón Kult Helium;The G-Lab;21,99 
Teclado gris Microsoft Keyboard para Surface Pro 9 / Pro 8 / Pro X + Lápiz Surface Slim Pen 2;Microsoft;285,€ 
Teclado verde Microsoft Keyboard para Surface Pro 9 / Pro 8 / Pro X;Microsoft;151,98 
Pack de Teclado y ratón inalámbricos Bluestork;Bluestork;18,99 
Teclado Apple Magic Keyboard con Touch ID y teclado numérico, Español;Apple;205,€ 
Teclado negro Microsoft Signature para Surface Pro 9 / Pro 8 / Pro X + Slim Pen;Microsoft;247,86 
Teclado gris Microsoft Keyboard para Surface Pro 9 / Pro 8 / Pro X;Microsoft;137,70 
Teclado inalámbrico Logitech POP KEYS Daydream;Logitech;109,€ 
Teclado + ratón inalámbricos Logitech Slim Combo MK470;Logitech;50,99 
Teclado Bluetooth multidispositivo Logitech K380 blanco;Logitech;54,99 
Teclado Magic Keyboard con Touch ID para Mac con chip de Apple - Español;Apple;159,€ 
Teclado Gaming con cable Razer Blackwidow V3;Razer;129,€ 
Teclado Bluestork KB Micro BT compacto Bluetooth;Bluestork;14,99 
Teclado Bluetooth multidispositivo Logitech K380 negro;Logitech;54,99 
Teclado Gaming Logitech G213 Prodigy;Logitech;79,55 
Teclado Gaming Trust GXT 856 Torac Iluminado;Trust;34,99 
Teclado Logitech K120;Logitech;14,18 
Funda teclado Apple Magic Keyboard para iPad 11 (3ª Gen.) y iPad Air (4ª Gen.) Blanco;Apple;369,€ 
Combo de teclado y ratón inalámbricos Trust Tecla-2 Wireless;Trust;39,99 
Teclado inalámbrico HP 970 programable;HP;118,99 
Teclado Gaming con cable The G-Lab Keyz Palladium;The G-Lab;23,99 
Teclado Gaming Trust GXT 881 ODYSS Semi-mecánico;Trust;39,99 
Teclado inalámbrico Logitech POP KEYS Heartbreaker;Logitech;88,73 
Teclado inalámbrico HP 230 negro;HP;22,94 
Teclado Gaming Razer Cynosa V2;Razer;52,99 
Teclado gaming con cable Razer Huntsman Mini, Swicht Rojo;Razer;112,19 
Teclado inalámbrico Subblim Bluetooth Aluminio Advance Extended Plata;SUBBLIM;39,99 
Teclado Gaming Razer Ornata V2;Razer;72,99 
Teclado gaming con cable Razer Huntsman V2 Tenkeyless;Razer;174,42 
Pack de Teclado y ratón inalámbricos Bluestork Blue Element;Bluestork;36,99 
Teclado Numérico Targus negro y gris;TARGUS;16,99 
Teclado inalámbrico Logitech POP KEYS Blast;Logitech;109,€ 
Teclado Gaming Energy Sistem ESG K2 Ghosthunter;Energy Sistem;19,99 
Teclado Gaming Razer Huntsman Mini;Razer;105,€ 
Teclado inalámbrico Logitech MX Keys para Mac;Logitech;119,€ 
Teclado Gaming Trust GXT 833 Thado con iluminación TKL;Trust;24,99 
Mini teclado inalámbrico bSL 40RFTCL 2,4 GHz;bSL;9,99 
Teclado multidispositivo Samsung Smart Keyboard Trio 500 Bluetooth;Samsung;44,99 
Combo de teclado + ratón inalámbricos HP 650 Negro;HP;67,99 
Teclado inalámbrico Gaming Logitech G915 Negro;Logitech;269,€ 
Teclado Gaming MSI Vigor GK50 Low Profile;MSI;94,99 
Combo de teclado ergonómico + ratón con cable Subblim;SUBBLIM;16,99 
Teclado Gaming Woxter Stinger RX 1000 Kr, teclas mecánicas, micro switch KRGD, base metálica, Leds;Woxter;39,€ 
Teclado Gaming con cable HP Pavilion 800;HP;99,99 
Teclado Smart TV Microsoft All in One Media;Microsoft;42,99 
Teclado + ratón inalámbricos Microsoft Bluetooth Desktop;Microsoft;64,99 
Teclado Gaming Energy Sistem ESG K6 Mechanik;Energy Sistem;49,99 
Combo de teclado y ratón Bluetooth Microsoft;Microsoft;65,99 
Teclado Gaming Corsair K65 RGB Mini Cherry MX Red;Corsair Components;109,€ 
Teclado Gaming con cable HP 550;HP;69,99 
Teclado + Ratón inalámbricos Microsoft Wireless Desktop 850;Microsoft;39,99 
Pack de teclado y ratón con cable Trust Primo;Trust;17,99 
Teclado Gaming Woxter Stinger RX 2000 K, teclas mecánicas, base metálica, Leds, Switches BYK816;Woxter;59,€ 
Teclado inalámbrico Gaming HP OMEN Spacer TKL;HP;199,99 
Teclado y Ratón Microsoft Wireless Desktop 3050;Microsoft;64,99 
Panel de control para streaming Elgato Stream Deck Mini, 6 teclas;Elgato;69,99 
Teclado verde Microsoft Keyboard para Surface Pro 9 / Pro 8 / Pro X + Lápiz Surface Slim Pen 2;Microsoft;285,€ 
Pack de teclado + ratón inalámbricos Energy Sistem Office Wireless Set 3 Silent;Energy Sistem;44,99 
Teclado con cable HP 100;HP;12,74 
Teclado y Ratón Microsoft Wireless Comfort Desktop 5050;Microsoft;75,99 
Teclado Gaming Razer Blackwidow V3 Quartz Switches verdes;Razer;159,€ 
Combo de teclado y ratón Gaming The G-Lab Iridium;The G-Lab;29,99 
Teclado Microsoft Wired Keyboard 600;Microsoft;15,99 
Teclado Gaming Trust GXT 853 Esca Metal Rainbow;Trust;24,99 
Teclado + ratón inalámbricos NGS SpellKit Multidispositivo;NGS;59,99 
Teclado con cable para Gaming HP OMEN Encoder;HP;129,99 
Teclado gaming con cable ROG Strix Scope RX RGB;Asus;111,€ 
Kit de teclado y ratón Gaming Ozone Double Tap;Ozone;54,90 
Teclado inalámbrico Microsoft Bluetooth Keyboard;Microsoft;59,99 
Teclado Gaming SteelSeries Apex 3;Steelseries;79,99 
Panel de control para streaming Elgato Stream Deck Mk.2, 15 teclas;Elgato;169,€ 
Kit Gaming Woxter Stinger FX 80 Megakit, Teclado, Ratón, Pad y Auriculares;Woxter;49,99 
Set ASUS TUF Gaming con Ratón Gaming M3 y Teclado Gaming K1;Asus;67,99 
Teclado rojo Microsoft Signature para Surface Pro 9, Pro 8 y Pro X;Microsoft;179,€ 
Teclado Gaming con cable Ozone Alpha Strike;Ozone;64,99 
Funda negra SilverHT Gripcase Teclado para tablets hasta 25,65 cm (10,1'');SilverHT;19,59 
